postID,userID,title,content
1488296341.177927,1488296341.177927,"Check this out!","awesome.url/sample"
1488296375.136349,1488296341.177927,"A reddit for ants?","https://www.reallyreallyreallyridiculouslygoodlooking.zoo"
1488296383.0044649,1488301738.1155741,"Make money working from home","lamescam.pyramid.lol"
1488297594.216416,1488301961.449595,"Neat utility here","niftytoools.help/free"
1488297595.136349,1488301866.967465,"Politics!","bigwhitehouse.gov"
1488297863.048445,1488301784.900681,"Testpost please ignore","https://www.google.com"
1486064219.849283,1488301961.449595,"Sample feature??","https://www.hopeful.maybe/home"
1486064219.849284,1488301961.449595,"Sample feature??","https://www.hopeful.maybe/home"
1486064219.849293,1488301961.449595,"Sample feature??","https://www.hopeful.maybe/home"
1486064219.849203,1488301961.449595,"Sample feature??","https://www.hopeful.maybe/home"
1486064219.849383,1488301961.449595,"Sample feature??","https://www.hopeful.maybe/home"
1486064219.849483,1488301961.449595,"Sample feature??","https://www.hopeful.maybe/home"
1486064219.849583,1488301961.449595,"Sample feature??","https://www.hopeful.maybe/home"
1486064219.849783,1488301961.449595,"Sample feature??","https://www.hopeful.maybe/home"
1486064219.849883,1488301961.449595,"Sample feature??","https://www.hopeful.maybe/home"
1486064219.849983,1488301961.449595,"Sample feature??","https://www.hopeful.maybe/home"
1486064219.849083,1488301961.449595,"Sample feature??","https://www.hopeful.maybe/home"
1486064219.849308,1488301961.449595,"Sample feature??","https://www.hopeful.maybe/home"
1486064219.847293,1488301961.449595,"Sample feature??","https://www.hopeful.maybe/home"
1486064219.849200,1488301961.449595,"Sample feature??","https://www.hopeful.maybe/home"
1486064219.849282,1488301961.449595,"Sample feature??","https://www.hopeful.maybe/home"
1486064219.849299,1488301961.449595,"Sample feature??","https://www.hopeful.maybe/home"
1486064219.849301,1488301961.449595,"Sample feature??","https://www.hopeful.maybe/home"
1486064219.849302,1488301961.449595,"Sample feature??","https://www.hopeful.maybe/home"
1486064219.849303,1488301961.449595,"Sample feature??","https://www.hopeful.maybe/home"
1486064219.849304,1488301961.449595,"Sample feature??","https://www.hopeful.maybe/home"
1486064219.849305,1488301961.449595,"Sample feature??","https://www.hopeful.maybe/home"
1486064219.849306,1488301961.449595,"Sample feature??","https://www.hopeful.maybe/home"
1486064219.849307,1488301961.449595,"Sample feature??","https://www.hopeful.maybe/home"